-- phpMyAdmin SQL Dump
-- version 5.2.1
-- https://www.phpmyadmin.net/
--
-- Хост: mysql
-- Время создания: Апр 04 2024 г., 14:29
-- Версия сервера: 8.0.32
-- Версия PHP: 8.2.16

SET SQL_MODE = "NO_AUTO_VALUE_ON_ZERO";
START TRANSACTION;
SET time_zone = "+00:00";


/*!40101 SET @OLD_CHARACTER_SET_CLIENT=@@CHARACTER_SET_CLIENT */;
/*!40101 SET @OLD_CHARACTER_SET_RESULTS=@@CHARACTER_SET_RESULTS */;
/*!40101 SET @OLD_COLLATION_CONNECTION=@@COLLATION_CONNECTION */;
/*!40101 SET NAMES utf8mb4 */;

--
-- База данных: `app`
--
CREATE DATABASE IF NOT EXISTS `app` DEFAULT CHARACTER SET utf8mb4 COLLATE utf8mb4_general_ci;
USE `app`;

-- --------------------------------------------------------

--
-- Структура таблицы `admin_user`
--

DROP TABLE IF EXISTS `admin_user`;
CREATE TABLE `admin_user` (
  `id` bigint UNSIGNED NOT NULL,
  `name` varchar(255) CHARACTER SET utf8mb4 COLLATE utf8mb4_unicode_ci NOT NULL,
  `email` varchar(255) CHARACTER SET utf8mb4 COLLATE utf8mb4_unicode_ci NOT NULL,
  `password` varchar(255) CHARACTER SET utf8mb4 COLLATE utf8mb4_unicode_ci NOT NULL,
  `remember_token` varchar(100) CHARACTER SET utf8mb4 COLLATE utf8mb4_unicode_ci DEFAULT NULL,
  `created_at` timestamp NULL DEFAULT NULL,
  `updated_at` timestamp NULL DEFAULT NULL
) ENGINE=InnoDB DEFAULT CHARSET=utf8mb4 COLLATE=utf8mb4_unicode_ci;

--
-- Дамп данных таблицы `admin_user`
--

INSERT INTO `admin_user` (`id`, `name`, `email`, `password`, `remember_token`, `created_at`, `updated_at`) VALUES
(4, 'agnar', 'agnar@i.ua', '$2y$10$0vvyzD1MPy1yfEDuJBUKlOuYquup6ROw4huAC4FB813waB.1bmDuW', NULL, '2024-01-20 21:06:55', '2024-01-20 21:06:55');

-- --------------------------------------------------------

--
-- Структура таблицы `comment`
--

DROP TABLE IF EXISTS `comment`;
CREATE TABLE `comment` (
  `id` int NOT NULL,
  `item_id` int UNSIGNED NOT NULL,
  `user_id` int DEFAULT NULL,
  `text` text CHARACTER SET utf8mb4 COLLATE utf8mb4_general_ci NOT NULL,
  `active` tinyint UNSIGNED NOT NULL,
  `created` datetime NOT NULL DEFAULT CURRENT_TIMESTAMP,
  `updated` datetime NOT NULL DEFAULT CURRENT_TIMESTAMP ON UPDATE CURRENT_TIMESTAMP
) ENGINE=InnoDB DEFAULT CHARSET=utf8mb4 COLLATE=utf8mb4_general_ci;

--
-- Дамп данных таблицы `comment`
--

INSERT INTO `comment` (`id`, `item_id`, `user_id`, `text`, `active`, `created`, `updated`) VALUES
(1, 20, NULL, 'Хоть бы спасибо дала', 1, '2023-03-03 20:38:18', '2024-01-13 07:17:23'),
(2, 20, 0, 'asdasdasd', 1, '2024-01-11 15:14:10', '2024-01-13 07:17:25'),
(3, 20, 0, 'sdaslasd asd asd asd a sd', 1, '2024-01-13 18:44:32', '2024-01-13 18:44:58'),
(4, 20, 0, 'asdasdasd', 0, '2024-01-13 19:11:07', '2024-01-13 19:11:07'),
(5, 20, 0, 'фыв фывфыв фыв', 1, '2024-01-13 19:15:21', '2024-01-13 19:17:46'),
(6, 20, 0, 'фыв фывфыв фыв', 1, '2024-01-13 19:15:46', '2024-01-13 19:17:48'),
(7, 20, 0, 'фыв фывфыв фыв ы', 1, '2024-01-13 19:17:25', '2024-01-13 19:17:50'),
(8, 20, 0, 'фы фыв фы вф ыв фыв фы в', 0, '2024-01-13 19:19:56', '2024-01-13 19:19:56'),
(9, 20, 0, 'іііііі', 0, '2024-01-13 19:23:51', '2024-01-13 19:23:51'),
(10, 20, 0, 'фвфівфів 123', 1, '2024-01-13 19:29:21', '2024-01-13 19:33:06'),
(11, 20, 0, 'ssssss', 0, '2024-01-13 19:32:45', '2024-01-13 19:32:45'),
(12, 11, 0, 'wefwefwe wefwe wef', 1, '2024-01-14 07:20:26', '2024-01-14 07:20:50'),
(13, 49, 0, 'фыв', 0, '2024-02-25 08:08:17', '2024-02-25 08:08:17'),
(14, 56, 0, '😂', 0, '2024-04-04 11:16:00', '2024-04-04 11:16:00');

-- --------------------------------------------------------

--
-- Структура таблицы `failed_jobs`
--

DROP TABLE IF EXISTS `failed_jobs`;
CREATE TABLE `failed_jobs` (
  `id` bigint UNSIGNED NOT NULL,
  `uuid` varchar(255) CHARACTER SET utf8mb4 COLLATE utf8mb4_unicode_ci NOT NULL,
  `connection` text CHARACTER SET utf8mb4 COLLATE utf8mb4_unicode_ci NOT NULL,
  `queue` text CHARACTER SET utf8mb4 COLLATE utf8mb4_unicode_ci NOT NULL,
  `payload` longtext CHARACTER SET utf8mb4 COLLATE utf8mb4_unicode_ci NOT NULL,
  `exception` longtext CHARACTER SET utf8mb4 COLLATE utf8mb4_unicode_ci NOT NULL,
  `failed_at` timestamp NOT NULL DEFAULT CURRENT_TIMESTAMP
) ENGINE=InnoDB DEFAULT CHARSET=utf8mb4 COLLATE=utf8mb4_unicode_ci;

-- --------------------------------------------------------

--
-- Структура таблицы `item`
--

DROP TABLE IF EXISTS `item`;
CREATE TABLE `item` (
  `id` int NOT NULL,
  `status` tinyint UNSIGNED NOT NULL DEFAULT '0',
  `title` varchar(255) CHARACTER SET utf8mb4 COLLATE utf8mb4_general_ci DEFAULT NULL,
  `content` text CHARACTER SET utf8mb4 COLLATE utf8mb4_general_ci NOT NULL,
  `likes` smallint UNSIGNED NOT NULL DEFAULT '0',
  `views` int UNSIGNED DEFAULT '1',
  `created` datetime NOT NULL DEFAULT CURRENT_TIMESTAMP,
  `updated` datetime NOT NULL DEFAULT CURRENT_TIMESTAMP ON UPDATE CURRENT_TIMESTAMP,
  `type` int UNSIGNED DEFAULT NULL
) ENGINE=InnoDB DEFAULT CHARSET=utf8mb4 COLLATE=utf8mb4_general_ci;

--
-- Дамп данных таблицы `item`
--

INSERT INTO `item` (`id`, `status`, `title`, `content`, `likes`, `views`, `created`, `updated`, `type`) VALUES
(1, 1, NULL, 'Хоч би дякую дала', 1, 8, '2023-03-03 20:38:00', '2024-04-03 13:05:54', NULL),
(2, 1, NULL, 'Легше дать, ніж пояснять', 1, 8, '2023-03-04 11:05:00', '2024-04-03 13:05:54', NULL),
(3, 1, NULL, 'Краше дати і радіти ніж не дати і жаліти', 1, 8, '2023-03-04 11:06:00', '2024-04-03 13:05:54', NULL),
(4, 1, NULL, 'Херзантеми', 4, 5, '2023-03-04 11:07:00', '2024-03-24 16:21:08', NULL),
(5, 1, NULL, 'Ніколи не їж огірки з холодильника самотньої жінки', 2, 48, '2023-03-11 20:14:00', '2024-04-04 11:04:47', NULL),
(6, 1, NULL, 'Вона: не так глибоко, в мене э хлопець', 0, 4, '2023-03-11 20:14:00', '2024-02-13 11:08:12', NULL),
(7, 1, NULL, 'А ви ніколи не замислювалися, чому підковдра називають підковдрою, якщо він насправді навколоковдра, а підковдра - це ти?', 0, 6, '2023-03-11 20:25:00', '2024-04-03 13:26:32', NULL),
(8, 1, NULL, 'Я знаю що порожнечу моєї душі не заповнити олів\'є, але я намагатимусь знову і знову', 0, 45, '2023-03-11 20:27:00', '2024-04-04 11:04:47', NULL),
(9, 1, NULL, 'Маша мала такі гарні губи, що через них не могла завагітніти', 0, 8, '2023-03-11 20:28:00', '2024-04-03 13:05:59', NULL),
(10, 1, NULL, 'Як хочеться колись покласти лимон не в чай, а в швейцарський банк', 1, 22, '2023-03-11 20:29:00', '2024-04-04 11:04:47', NULL),
(11, 1, NULL, 'Подаруй людині рибу - і він буде ситий весь день. \nПодаруй людині вудку - і можеш шпилити його дружину всі вихідні', 7, 61, '2023-03-11 20:32:00', '2024-04-04 11:16:19', NULL),
(12, 1, NULL, 'Настрій. Хочеться рожеве шампанське та біляш', 2, 23, '2023-03-11 20:33:00', '2024-04-04 11:04:47', NULL),
(13, 1, NULL, 'у дівчини наявність хлопця залежить від запитуючого', 3, 11, '2023-03-11 20:34:58', '2024-04-03 13:05:57', NULL),
(14, 1, NULL, 'Алкоголь створений для того, щоб негарні дівчата могли потрахатись', 0, 59, '2023-03-11 20:36:00', '2024-04-04 10:11:57', NULL),
(15, 1, NULL, 'Якщо в тебе немає мужика, то швидше за все ти дox@я вумная', 0, 44, '2023-03-11 20:38:00', '2024-02-17 19:12:59', NULL),
(16, 1, NULL, 'Біле сухе – це моє обличчя взимку', 0, 57, '2023-03-11 20:38:00', '2024-04-04 06:23:14', NULL),
(17, 1, NULL, 'Ти ж мій пончик\nБо товста?\nНі тому що солодка і з дирочкою)', 0, 69, '2023-03-26 18:31:00', '2024-04-04 11:04:47', NULL),
(18, 1, NULL, 'Як кажуть справжні чоловіки - побачимо', 0, 57, '2023-03-26 18:32:00', '2024-04-04 06:23:12', NULL),
(19, 1, NULL, 'Альфа салец', 3, 54, '2023-03-26 18:34:00', '2024-03-23 20:56:10', NULL),
(20, 1, NULL, 'Як казав Джейсон Стетхем - одна помилка і ти помилився', 0, 54, '2023-03-26 18:34:00', '2024-03-23 20:56:10', NULL),
(21, 1, NULL, 'Там де темно там приємно', 0, 56, '2023-03-26 18:35:00', '2024-04-03 13:26:29', NULL),
(22, 1, NULL, 'Арівідрочіі', 2, 57, '2023-03-26 18:35:00', '2024-03-23 20:56:10', NULL),
(23, 0, NULL, 'Усе стабільно але дебільно', 8, 56, '2023-03-26 18:35:00', '2024-02-13 11:03:27', NULL),
(33, 1, NULL, 'Навіщо самураю меч, якщо він не в крові', 0, 31, '2024-02-10 20:05:00', '2024-04-04 12:31:18', 1),
(34, 1, NULL, 'Якщо ви зустріли класну бабу яка слухає рок, читає книги та розуміє сарказм, то зараз продзвенить будильник', 1, 45, '2024-02-11 15:49:39', '2024-04-03 19:47:47', 1),
(35, 1, NULL, 'Ти все?\nніжно запитала самка богомола', 1, 34, '2024-02-11 15:55:00', '2024-04-03 19:47:47', 1),
(36, 1, NULL, 'Боксера може образити кожен, але не кожен встигне вибачитись', 0, 22, '2024-02-11 18:24:51', '2024-03-23 20:56:10', 1),
(37, 1, NULL, 'Знаєш як москалі називають наше шалене кохання - близость', 0, 43, '2024-02-11 18:26:14', '2024-03-23 20:56:10', 1),
(38, 1, NULL, 'У мене два недоліки: погана пам\'ять і ще щось...', 0, 64, '2024-02-11 18:31:13', '2024-03-31 20:04:01', 1),
(39, 1, NULL, 'Як краса може врятувати світ, якщо вона постійно потребує жертв?', 0, 68, '2024-02-11 18:37:11', '2024-04-04 10:49:04', 1),
(40, 1, NULL, '- Рабіновичу, у вас є гроші?\n- Ну якісь є... Якихось немає...', 1, 69, '2024-02-11 18:39:00', '2024-04-04 06:23:04', 1),
(41, 1, NULL, '-Ти обіцяв на мені одружитися!\n-Та мало що я на тобі обіцяв.', 1, 64, '2024-02-11 19:03:00', '2024-03-31 20:05:43', 1),
(43, 1, NULL, 'Завдавати добро і наносити користь', 0, 64, '2024-02-12 17:50:13', '2024-03-31 20:05:43', 1),
(44, 1, NULL, 'Хорошого бухгалтера знайти важко, тому Віра Павлівна вже двадцять років перебуває в розшуку', 0, 57, '2024-02-13 06:37:40', '2024-04-04 06:23:08', 1),
(45, 1, NULL, 'У мене немає ні сорому, ні совісті… Нічого зайвого', 0, 56, '2024-02-13 06:48:00', '2024-04-02 14:59:52', 1),
(46, 1, NULL, 'Скупий платить двічі... Влаштуюсь-ка я на роботу до скупого!', 0, 81, '2024-02-13 06:50:40', '2024-04-04 12:31:30', 1),
(49, 1, NULL, 'Хочеться простого людського зіпсувати комусь життя', 0, 81, '2024-02-13 10:52:45', '2024-04-04 11:00:36', 1),
(50, 1, NULL, 'Давай губи накачаємо, я втомилася розвиватися', 0, 57, '2024-02-13 11:34:00', '2024-04-04 11:00:36', 1),
(55, 1, NULL, 'Оголошення в газеті: \"Шукаю роботу. Готовий на все. Боюся тільки двох речей: одноманітності та пригод\".', 1, 36, '2024-03-31 20:02:00', '2024-04-04 13:44:49', 1),
(56, 1, NULL, '- Скажи мені щось мерзенне, мене це так збуджує. - Доброго ранку, колеги.', 1, 38, '2024-03-31 20:02:00', '2024-04-04 13:44:49', 1),
(57, 1, NULL, 'У Спарті ніяк не могли позбутися негарного і дуже плоского хлопчика, оскільки він весь час планував над прірвою.', 0, 27, '2024-03-31 20:02:00', '2024-04-04 11:00:36', 1),
(58, 1, NULL, 'Вигадувати правду стає все складніше і складніше.', 1, 35, '2024-04-02 14:29:00', '2024-04-04 13:44:49', 1),
(59, 1, NULL, 'Ніхто так не вміє прощати, як за гроші.', 1, 36, '2024-04-02 14:29:00', '2024-04-04 13:44:49', 1),
(62, 1, NULL, 'Чим чоловік переконливіший, тим жінка має бути пильнішою.', 4, 37, '2024-04-02 15:00:00', '2024-04-04 13:44:49', 1),
(65, 1, NULL, 'Всім моїм помилкам є виправдання: я живу вперше', 1, 9, '2024-04-04 11:07:54', '2024-04-04 13:44:49', 1),
(66, 1, NULL, 'Я за тебе пережираю', 1, 9, '2024-04-04 11:09:56', '2024-04-04 13:44:49', 1),
(67, 1, NULL, 'Все сталося випадково, як і планувалося', 1, 9, '2024-04-04 11:10:43', '2024-04-04 13:44:49', 1),
(68, 1, NULL, '- Розо, я пропоную вам свою руку і серце і з величезним хвилюванням чекаю вашої відповіді!\r\n- Абрам, встаньте з колін, ви мажете наші брюки!', 0, 9, '2024-04-04 11:11:33', '2024-04-04 13:44:49', 1),
(69, 1, NULL, 'У жінок вищий больовий поріг. Тому вони легше, ніж чоловіки, переносять біль і Стаса Михайлова', 0, 9, '2024-04-04 11:12:44', '2024-04-04 13:44:49', 1);

-- --------------------------------------------------------

--
-- Структура таблицы `item_parse`
--

DROP TABLE IF EXISTS `item_parse`;
CREATE TABLE `item_parse` (
  `id` int NOT NULL,
  `content` text CHARACTER SET utf8mb4 COLLATE utf8mb4_general_ci NOT NULL,
  `content_ua` text CHARACTER SET utf8mb4 COLLATE utf8mb4_general_ci NOT NULL,
  `status` tinyint UNSIGNED NOT NULL DEFAULT '0',
  `publication_date` datetime DEFAULT NULL,
  `created` datetime NOT NULL DEFAULT CURRENT_TIMESTAMP,
  `updated` datetime NOT NULL DEFAULT CURRENT_TIMESTAMP ON UPDATE CURRENT_TIMESTAMP
) ENGINE=InnoDB DEFAULT CHARSET=utf8mb4 COLLATE=utf8mb4_general_ci;

--
-- Дамп данных таблицы `item_parse`
--

INSERT INTO `item_parse` (`id`, `content`, `content_ua`, `status`, `publication_date`, `created`, `updated`) VALUES
(1, 'Весна. Если у вас нет дачи, сада, огорода - не переживайте! Вы можете покопаться и в себе.', 'Весна. Якщо у вас немає дачі, саду, городу – не переживайте! Ви можете покопатися у собі.', 3, NULL, '2024-03-31 16:32:03', '2024-04-02 15:02:08'),
(2, 'Вот молодёжь говорит, что книги сейчас вообще нафиг не нужны - всё, мол, есть в интернете... \r\nА чем, спрашивается, столик шатающийся подпереть?! \r\n Яндексом?!', 'Ось молодь каже, що книги зараз взагалі нафіг не потрібні – все, мовляв, є в інтернеті.\r\nА чим, питається, столик хитається підперти?!\r\n Яндексом?', 3, NULL, '2024-03-31 16:32:03', '2024-04-02 15:02:16'),
(3, 'Даже если ты - вишенка на торте, все равно сожрут.', 'Навіть якщо ти – вишенька на торті, все одно зжеруть.', 3, NULL, '2024-03-31 16:32:03', '2024-04-02 15:02:29'),
(4, 'Молчаливо прощать людей, и больше никогда с ними не разговаривать - это форма заботы о себе.', 'Мовчазно прощати людей, і більше ніколи з ними не розмовляти – це форма турботи про себе.', 3, NULL, '2024-03-31 16:32:03', '2024-04-02 15:02:54'),
(8, 'Никто так не умеет прощать, как гаишники за деньги.', 'Ніхто так не вміє прощати, як за гроші.', 2, NULL, '2024-03-31 16:32:04', '2024-04-02 14:34:13'),
(39, 'Как показывает опыт: Фемида с зашитыми карманами гораздо эффективнее, чем с завязанными глазами.', 'Як показує досвід: Феміда із зашитими кишенями набагато ефективніше, ніж із зав\'язаними очима.', 3, NULL, '2024-04-02 14:45:23', '2024-04-02 15:02:02'),
(40, 'Нет смысла приглашать на ужин барышню, которая после 18:00 ничего в рот не берёт!', 'Немає сенсу запрошувати на вечерю панночку, яка після 18:00 нічого в рот не бере!', 3, NULL, '2024-04-02 14:45:24', '2024-04-02 15:01:26'),
(41, 'Чем мужчина убедительней, тем женщина должна быть бдительней.', 'Чим чоловік переконливіший, тим жінка має бути пильнішою.', 2, NULL, '2024-04-02 14:45:24', '2024-04-02 15:01:44'),
(42, 'У нас в палате четыре Наполеона. \r\nНастоящий император только я, остальные так, тортики.', 'У нас у палаті чотири Наполеони.\r\nСправжній імператор тільки я, решта так, тортики.', 3, NULL, '2024-04-02 14:45:25', '2024-04-02 15:01:11'),
(43, 'Седня из окна универа увидел чьи-то шпоры... Нацарапанные на дверях гаражей.', 'Сьогодні з вікна універу побачив чиїсь шпори... Надрапані на дверях гаражів.', 3, NULL, '2024-04-02 14:45:26', '2024-04-02 15:00:35'),
(44, 'Немногие знают. \r\nОбещания начать новую жизнь гораздо легче давать 1 апреля, чем 1 января.', 'Мало хто знає.\r\nОбіцянки розпочати нове життя набагато легше давати 1 квітня, ніж 1 січня.', 3, NULL, '2024-04-02 14:45:26', '2024-04-02 15:00:40'),
(45, 'Громче всех &quot;ГОРЬКО&quot; кричат на свадьбах женатые мужчины.', 'Гучніше за всіх \"ГІРКО\" кричать на весіллях одружені чоловіки.', 2, NULL, '2024-04-02 14:45:26', '2024-04-02 15:01:03'),
(46, '– Давай о добром. Хорошо? – Хорошо. Добром это не кончится.', '– Давай про добре. Добре? - Добре. Добром це не скінчиться.', 3, NULL, '2024-04-02 14:45:28', '2024-04-02 15:00:27'),
(47, '- Как только закрывается одна дверь, открывается другая...- Знаете, я пожалуй найду себе другого плотника.', '- Як тільки зачиняються одні двері, відчиняються інші... - Знаєте, я мабуть знайду собі іншого теслі.', 3, NULL, '2024-04-02 14:45:28', '2024-04-02 15:00:09'),
(48, 'Выпивки нет. Блэкджека нет. Интернета тоже нет, - Адам был обречен на Еву.', 'Випивки немає. Блекджека немає. Інтернету теж немає, – Адам був приречений на Єву.', 3, NULL, '2024-04-02 14:45:29', '2024-04-02 15:00:04'),
(49, '- Убил бобра - спас дерево! \r\n- Ага. А убил женщину - спас норку, песца, бобра, крокодила...', '– Убив бобра – врятував дерево!\r\n- Ага. А вбив жінку - врятував нірку, песця, бобра, крокодила...', 2, NULL, '2024-04-02 14:45:29', '2024-04-02 14:59:08'),
(50, 'Придумывать правду становится всё труднее и труднее.', 'Вигадувати правду стає все складніше і складніше.', 2, NULL, '2024-04-02 14:45:29', '2024-04-02 14:59:04'),
(51, 'Летал в отпуск в Москву. Даже виза не нужна. Всем рекомендую. Там так мило, и местные жители говорят на русском почти без акцента.', 'Літав у відпустку до Москви. Навіть віза не потрібна. Всім рекомендую. Там так мило, і місцеві жителі говорять російською майже без акценту.', 3, NULL, '2024-04-02 14:45:30', '2024-04-02 14:58:18'),
(52, 'Гид: В этом доме художник прожил лучшие годы своей жизни.Турист: А куда он переехал, когда женился?', 'Гід: У цьому будинку художник прожив найкращі роки свого життя. Турист: А куди він переїхав, коли одружився?', 3, NULL, '2024-04-02 14:45:30', '2024-04-02 14:58:14'),
(53, 'Во всем мире обстоятельства непреодолимой силы – это наводнение, ураган, цунами, эпидемия. У нас - жена и теща.', 'У всьому світі обставини непереборної сили – це повінь, ураган, цунамі, епідемія. У нас – дружина та теща.', 3, NULL, '2024-04-02 14:45:30', '2024-04-02 14:58:08'),
(54, 'В космосе столкнулись два спутника: — Наш и американский. Американцы врут, что их спутник был не шпионским, а наши врут, что спутник был неуправляемым.', 'У космосі зіткнулися два супутники: — Наш та американський. Американці брешуть, що їхній супутник був не шпигунським, а наші брешуть, що супутник був некерованим.', 3, NULL, '2024-04-02 14:45:31', '2024-04-02 14:58:02'),
(55, 'Усерднее всех соблюдают пост гаишники.', 'Найстаріше дотримуються посту даішники.', 3, NULL, '2024-04-02 14:45:31', '2024-04-02 14:57:40'),
(56, 'На самом деле угомонить пьяного пассажира в самолёте очень легко. Для этого пилоту достаточно надеть парашют и с выпученными глазами пройти в конец салона.', 'Насправді вгамувати п\'яного пасажира в літаку дуже легко. Для цього пілотові достатньо надіти парашут і з витріщеними очима пройти в кінець салону.', 3, NULL, '2024-04-02 14:45:31', '2024-04-02 14:57:36'),
(57, '— Бабушка, я опять ходил во сне!— Внучик, ну сколько тебе говорить сходи перед сном!', '— Бабуся, я знову ходив уві сні!', 3, NULL, '2024-04-02 14:45:31', '2024-04-02 14:57:55'),
(58, 'Кто-нибудь знает, нафига мы отмечали места добычи полезных ископаемых в контурных картах?..', 'Хто-небудь знає, нафіга ми відзначали місця видобутку корисних копалин у контурних картах?', 3, NULL, '2024-04-02 14:45:32', '2024-04-02 14:57:52'),
(59, 'Психиатр — это человек, задающий вам кучу дорогостоящих вопросов, которые совершенно бесплатно задает вам жена.', 'Психіатр - це людина, яка задає вам купу дорогих питань, які безкоштовно задає вам дружина.', 3, NULL, '2024-04-02 14:58:20', '2024-04-02 14:58:55'),
(60, 'Маша и Миша шумели на крыше, \r\n После двух выстрелов стало потише!', 'Маша і Мишко шуміли на даху,\r\n Після двох пострілів стало тихіше!', 3, NULL, '2024-04-02 14:58:20', '2024-04-02 14:58:51'),
(61, 'Когда мне было десять лет, я думал, что люди за тридцать - уже капец какие старые, усталые и больные. Сейчас мне самому тридцать один, так вот, все правильно я тогда думал.', 'Коли мені було десять років, я думав, що люди за тридцять — уже капець якісь старі, втомлені й хворі. Зараз мені самому тридцять один, тож усе правильно я тоді думав.', 3, NULL, '2024-04-02 14:58:21', '2024-04-02 14:58:48'),
(62, 'Выбери специальность себе по душе, и ты не проработаешь ни единого дня... Потому что по этой специальности, конечно же, никакой работы нет.', 'Вибери спеціальність собі до душі, і ти не пропрацюєш жодного дня... Тому що за цією спеціальністю, звісно, ​​ніякої роботи немає.', 3, NULL, '2024-04-02 14:58:21', '2024-04-02 14:58:42'),
(63, 'Люди долго выбирают, на какую лошадь поставить, не замечая, что это всего лишь карусель.', 'Люди довго вибирають, на якого коня поставити, не помічаючи, що це лише карусель.', 3, NULL, '2024-04-02 14:58:24', '2024-04-02 14:58:37'),
(64, '«Капитан Очевидность» получил повышение. \r\nТеперь он «Майор Ясен Пень».', '\"Капітан Очевидність\" отримав підвищення.\r\nТепер він «Майор Ясен Пень».', 3, NULL, '2024-04-02 15:36:11', '2024-04-02 15:54:59'),
(65, '- Ты последний, с кем бы я согласилась переспать! \r\n - Хорошо, скажу чтобы за мной не занимали!', '- Ти останній, з ким би я погодилася переспати!\r\n - Добре, скажу, щоб за мною не позичали!', 3, NULL, '2024-04-02 15:36:12', '2024-04-02 15:54:57'),
(66, 'В Спарте никак не могли избавиться от некрасивого и очень плоского мальчика так как он все время планировал над пропастью.', 'У Спарті ніяк не могли позбутися негарного і дуже плоского хлопчика, оскільки він весь час планував над прірвою.', 3, NULL, '2024-04-02 15:36:12', '2024-04-02 15:54:51'),
(67, '- Скажи мне что-то мерзкое, меня это так возбуждает.- Доброе утро, коллеги.', '- Скажи мені щось мерзенне, мене це так збуджує. - Доброго ранку, колеги.', 3, NULL, '2024-04-02 15:36:12', '2024-04-02 15:54:50'),
(68, '- Милый, а ты бы любил меня, если б я стала червяком?- Конечно! Я бы тебя взял с собой на рыбалку!', '- Любий, а ти любив би мене, якби я стала черв\'яком? - Звичайно! Я б тебе взяв із собою на рибалку!', 3, NULL, '2024-04-02 15:36:12', '2024-04-02 15:54:48'),
(69, 'Объявление в газете: &quot;Ищу работу. Готов на всё. Боюсь только двух вещей: однообразия и приключений&quot;.', 'Оголошення в газеті: \"Шукаю роботу. Готовий на все. Боюся тільки двох речей: одноманітності та пригод\".', 3, NULL, '2024-04-02 15:36:13', '2024-04-02 15:54:43'),
(70, 'Обожаю вот эти рецепты, которые &quot;салат за 5 минут&quot;... Шаг первый: отварите свеклу...', 'Люблю ось ці рецепти, які \"салат за 5 хвилин\"... Крок перший: відваріть буряк...', 3, NULL, '2024-04-02 15:36:13', '2024-04-02 15:54:27'),
(71, '– Мама, а откуда еда берётся? Её фермеры выращивают?\r\n– Ну, что ты, глупенькая. Нас кормят певцы и музыканты!', '- Мамо, а звідки їжа береться? Її фермери вирощують?\r\n- Ну, що ти, дурненька. Нас годують співаки та музиканти!', 3, NULL, '2024-04-02 15:36:13', '2024-04-02 15:54:23'),
(72, '— Какая у вас картошка! Чем вы ее удобряли?— А! Чем только не удобряли — растет, зараза!', '- Яка у вас картопля! Чим ви її удобрювали? — А! Чим тільки не добрив - росте, зараза!', 3, NULL, '2024-04-02 15:36:13', '2024-04-02 15:54:19'),
(73, 'Объявление. — Гидрометцентру для определения изменений погоды требуется человек с больными суставами.', 'Оголошення. — Гідрометцентру для визначення змін погоди потрібна людина з хворими на суглоби.', 3, NULL, '2024-04-02 15:36:14', '2024-04-02 15:54:16'),
(124, 'Мы не опустились на дно, мы нашли свою нишу', 'Ми не опустилися на дно, знайшли свою нішу', 3, NULL, '2024-04-02 17:14:43', '2024-04-04 10:51:30'),
(125, 'По большому счету люди делятся на две категории - на них и меня.', 'За великим рахунком, люди діляться на дві категорії - на них і мене.', 3, NULL, '2024-04-02 17:14:44', '2024-04-04 10:51:30'),
(126, 'Уринотерапия - это когда лекарство выписываешь сам.', 'Уринотерапія – це коли ліки виписуєш сам.', 3, NULL, '2024-04-02 17:14:44', '2024-04-04 10:51:30'),
(127, 'По статистике, муж каждой второй учительницы 2-го сентября торгует цветами.', 'За статистикою, чоловік кожної другої вчительки 2 вересня торгує квітами.', 3, NULL, '2024-04-02 17:14:45', '2024-04-04 10:51:30'),
(128, 'Женщине плевать сколько там у тебя сантиметров. Во время секса она стонет из-за того, что только что наконец-то сняла лифчик.', 'Жінці начхати скільки там у тебе сантиметрів. Під час сексу вона стогне через те, що тільки-но зняла ліфчик.', 3, NULL, '2024-04-02 17:14:46', '2024-04-04 10:51:30'),
(129, 'На самом деле статуя венеры милосской это модель идеального гаишника. Ни рук, ни карманов.', 'Насправді статуя милоської венери це модель ідеального даішника. Ні рук, ні кишень.', 3, NULL, '2024-04-02 17:14:46', '2024-04-04 10:51:30'),
(130, 'Однажды у меня был секс с женщиной за 50. Хотя сначала она хотела за 100.', 'Якось у мене був секс із жінкою за 50. Хоча спочатку вона хотіла за 100.', 3, NULL, '2024-04-02 17:14:47', '2024-04-04 10:51:30'),
(131, 'Подруга насмехалась надо мной, говоря, что на сайтах для знакомств мужа не найти. Ну не знаю... её мужа я там нашла почти сразу.', 'Подруга глузувала з мене, кажучи, що на сайтах для знайомств чоловіка не знайти. Ну, не знаю... її чоловіка я там знайшла майже відразу.', 3, NULL, '2024-04-02 17:14:48', '2024-04-04 10:51:30'),
(132, 'Отец хотел показать сыну, как правильно подтягиваться, но интернет отключили.', 'Батько хотів показати синові, як правильно підтягуватись, але інтернет відключили.', 3, NULL, '2024-04-02 17:14:48', '2024-04-04 10:51:30'),
(133, 'Иногда женщина просто хочет залезть к мужчине на коленки и жаловаться на всех, и чтоб ее гладили по голове и предлагали мороженое или винишко. Иногда – это примерно каждый день.', 'Іноді жінка просто хоче залізти до чоловіка на колінки і скаржитися на всіх, щоб її гладили по голові і пропонували морозиво чи винишко. Іноді це приблизно кожен день.', 3, NULL, '2024-04-02 17:14:49', '2024-04-04 10:51:30'),
(134, 'Галина работала продавщицей в цветочном магазине, поэтому ухажёры вместо букетов дарили ей колбасу.', 'Галина працювала продавщицею в квітковому магазині, тому залицяльники замість букетів дарували їй ковбасу.', 3, NULL, '2024-04-02 17:14:49', '2024-04-04 10:51:30'),
(135, 'Безымянные пальцы - самые матёрые: они и крови навидались, и с обручальными кольцами знакомы...', 'Безіменні пальці - найматеріші: вони й крові набачилися, і з обручками знайомі...', 3, NULL, '2024-04-02 17:14:50', '2024-04-04 10:51:30'),
(136, 'Женщину больше расстраивает не ее бальзаковский возраст, а ее бальзаковский вес.', 'Жінку більше засмучує не її бальзаківський вік, а її бальзаківська вага.', 3, NULL, '2024-04-02 17:14:51', '2024-04-04 10:51:30'),
(137, 'Хотите добиться женщину - уделяйте больше внимания предварительным сказкам.', 'Хочете добитися жінку – приділяйте більше уваги попереднім казкам.', 3, NULL, '2024-04-02 17:14:51', '2024-04-04 10:51:30'),
(138, 'Иногда люди ошибочно воспринимают меня как взрослую, принимая во внимание мой возраст.', 'Іноді люди помилково сприймають мене як дорослу, беручи до уваги мій вік.', 3, NULL, '2024-04-02 17:14:53', '2024-04-04 10:51:30'),
(139, 'Если человек в рясе считает себя лучше других людей, то это рясизм.', 'Якщо людина в рясі вважає себе кращою за інших людей, то це рясизм.', 3, NULL, '2024-04-02 17:14:54', '2024-04-04 10:51:30'),
(140, 'Побрызгав освежителем воздуха в туалете, Борис почувствовал ностальгический запах девчонок из 90-х...', 'Побризкавши освіжувачем повітря в туалеті, Борис відчув ностальгічний запах дівчат з 90-х років.', 3, NULL, '2024-04-02 17:14:55', '2024-04-04 10:51:30'),
(141, 'Медведь, живший в цыганском таборе, не впадал в зимнюю спячку, чтобы у него ничего не украли.', 'Ведмідь, який жив у циганському таборі, не впадав у зимову сплячку, щоб у нього нічого не вкрали.', 3, NULL, '2024-04-02 17:14:56', '2024-04-04 10:51:30'),
(142, 'Хочется секса в большом городе, но получается пока только мастурбация в поселке городского типа.', 'Хочеться сексу у великому місті, але виходить поки що лише мастурбація у селищі міського типу.', 3, NULL, '2024-04-02 17:14:56', '2024-04-04 10:51:30'),
(143, 'Есть ли жизнь на даче? Есть, если там нет жены, тещи и огорода.', 'Чи є життя на дачі? Є, якщо там немає дружини, тещі та городу.', 3, NULL, '2024-04-02 17:14:57', '2024-04-04 10:51:30'),
(144, 'Демократические ценности они как религия.\r\nЯ не против, что они у вас есть - но пожалуйста, не надо ради них организовывать Крестовые походы и убивать всех несогласных!', 'Демократичні цінності як релігія.\r\nЯ не проти, що вони у вас є – але будь ласка, не треба заради них організовувати Хрестові походи та вбивати всіх незгодних!', 3, NULL, '2024-04-02 17:14:58', '2024-04-04 10:51:30'),
(145, 'Геймер, заработавший себе геморрой, часто задаётся вопросом: стоила ли игра свеч?', 'Геймер, який заробив собі геморой, часто запитує себе: чи коштувала гра свічок?', 3, NULL, '2024-04-02 17:14:59', '2024-04-04 10:51:30'),
(146, 'Фирма Microsoft выпустила &quot;Windows for woman&quot;\r\nОсновное отличие продукта в том, что две кнопки-\r\n&quot;Yes&quot; и &quot;No&quot; заменены одной- &quot;Maybe...&quot;', 'Фірма Microsoft випустила \"Windows for woman\"\r\nОсновна відмінність продукту в тому, що дві кнопки-\r\n\"Yes\" і \"No\" замінені на одну-\"Maybe...\"', 3, NULL, '2024-04-02 17:14:59', '2024-04-04 10:51:30'),
(147, 'Вот уже 30 лет первого сентября у меня традиционно хорошее настроение... Когда я утром просыпаюсь и понимаю, что мне не нужно идти в школу.', 'Ось уже 30 років першого вересня у мене традиційно гарний настрій... Коли я вранці прокидаюсь і розумію, що мені не треба йти до школи.', 3, NULL, '2024-04-02 17:15:00', '2024-04-04 10:51:30'),
(148, 'Магазину виниловых пластинок требуется на работу высокомерный сноб, презирающий современную музыкальную индустрию.', 'Магазину вінілових платівок потрібен на роботу зарозумілий сноб, який зневажає сучасну музичну індустрію.', 3, NULL, '2024-04-02 17:15:02', '2024-04-04 10:51:30'),
(149, 'Женя Лукашин из &quot;Иронии судьбы&quot; тоже огреб приключений после участия в голой вечеринке.', 'Женя Лукашин з \"Іронії долі\" теж гріб пригод після участі у голій вечірці.', 3, NULL, '2024-04-02 17:15:07', '2024-04-04 10:51:30'),
(150, 'Наибольшую агрессию у современных девушек вызывает предложение не раздеться, а одеться поприличнее.', 'Найбільшу агресію у сучасних дівчат викликає пропозиція не роздягнутися, а одягнутись пристойніше.', 3, NULL, '2024-04-02 17:15:14', '2024-04-04 10:51:30'),
(151, 'Мои дети спросили, как было жить в 80-х, 90-х? Я забрала у них телефоны и отключила интернет.', 'Мої діти запитали, як було жити у 80-х, 90-х? Я забрала у них телефони та відключила інтернет.', 3, NULL, '2024-04-02 17:15:23', '2024-04-04 10:51:30'),
(152, 'Все мои планы на будущее основываются на том, что в один прекрасный день я проснусь с таким невероятным уровнем самодисциплины и целеустремленности, какого у меня никогда ранее в жизни не было.', 'Усі мої плани на майбутнє ґрунтуються на тому, що одного прекрасного дня я прокинуся з таким неймовірним рівнем самодисципліни та цілеспрямованості, якого в мене ніколи раніше не було.', 3, NULL, '2024-04-02 17:15:24', '2024-04-04 10:51:30'),
(153, 'На старости лет начал подозревать, что все люди хотят делать добро. Но у всех понятия добра разные.', 'На старості років почав підозрювати, що всі люди хочуть робити добро. Але всі поняття добра різні.', 3, NULL, '2024-04-02 17:15:25', '2024-04-04 10:51:30'),
(154, 'Если бы девушки не сопротивлялись, Камасутра была бы намного тоньше…', 'Якби дівчата не чинили опір, Камасутра була б набагато тоншою…', 3, NULL, '2024-04-04 11:05:04', '2024-04-04 11:07:44'),
(155, '«Милый, мы теперь вместе навсегда» со временем  звучит больше как угроза, а не как обещание.', '«Милий, ми тепер разом назавжди» згодом звучить більше як загроза, а не як обіцянка.', 3, NULL, '2024-04-04 11:05:05', '2024-04-04 11:07:33'),
(156, 'Навари мне, бабка, щей! \r\nЯ жажду мертвых овощей.', 'Навари мені, бабко, щей!\r\nЯ жадаю мертвих овочів.', 3, NULL, '2024-04-04 11:05:05', '2024-04-04 11:07:26'),
(157, 'Не жалуйтесь на судьбу. Ей, может быть, с вами тоже не очень приятно.', 'Не скаржтеся на долю. Їй, можливо, з вами теж не дуже приємно.', 2, NULL, '2024-04-04 11:05:05', '2024-04-04 11:07:21'),
(158, 'Телепередача &quot;В мире животных&quot;. Ведущий:- В отличие от самок кукушки, самцы никогда не разбрасывают свои яйца...', 'Телепередача \"Світ тварин\". Ведучий: - На відміну від самок зозулі, самці ніколи не розкидають свої яйця.', 3, NULL, '2024-04-04 11:05:05', '2024-04-04 11:06:47'),
(159, '&quot;А олени лучше!&quot;, - сделал вывод чукча, побывав в гостях у корейца.', '\"А олені краще!\", - зробив висновок чукча, побувавши в гостях у корейця.', 3, NULL, '2024-04-04 11:05:05', '2024-04-04 11:06:40'),
(160, 'Особенно успешно синоптикам удаются долгосрочные прогнозы. Так они предсказывают теплую погоду летом и холодную зимой.', 'Особливо успішно синоптикам вдаються довгострокові прогнози. Так вони передбачають теплу погоду влітку та холодну зиму.', 3, NULL, '2024-04-04 11:05:05', '2024-04-04 11:06:37'),
(161, 'А вы знали, что День дурака в Эстонии 3 апреля?', 'А ви знали, що День дурня в Естонії 3 квітня?', 3, NULL, '2024-04-04 11:05:05', '2024-04-04 11:06:31'),
(162, 'Анжела наконец-то нашла своё женское счастье. Оно закатилось за диван и не включалось.', 'Анжела нарешті знайшла своє жіноче щастя. Воно закотилося за диван і не вмикалося.', 2, NULL, '2024-04-04 11:05:05', '2024-04-04 11:06:23'),
(163, 'Водитель, который принципиально не пропускает при сужении дороги, как ты тратишь эти лишние пять секунд своей жизни, тварь??', 'Водій, який принципово не пропускає при звуженні дороги, як ти витрачаєш ці зайві п\'ять секунд свого життя, тварюка?', 3, NULL, '2024-04-04 11:05:05', '2024-04-04 11:06:13');

-- --------------------------------------------------------

--
-- Структура таблицы `item_tag`
--

DROP TABLE IF EXISTS `item_tag`;
CREATE TABLE `item_tag` (
  `id` int NOT NULL,
  `item_id` int DEFAULT NULL,
  `tag_id` int DEFAULT NULL
) ENGINE=InnoDB DEFAULT CHARSET=utf8mb4 COLLATE=utf8mb4_general_ci;

--
-- Дамп данных таблицы `item_tag`
--

INSERT INTO `item_tag` (`id`, `item_id`, `tag_id`) VALUES
(7, 13, 11),
(21, 34, 21),
(22, 34, 22),
(23, 34, 23),
(24, 34, 24),
(25, 34, 25),
(26, 34, 26),
(30, 36, 30),
(31, 36, 31),
(32, 36, 32),
(33, 37, 33),
(34, 37, 34),
(35, 38, 35),
(36, 38, 36),
(37, 39, 37),
(38, 39, 38),
(39, 39, 39),
(46, 43, 46),
(47, 43, 47),
(48, 43, 48),
(49, 44, 49),
(50, 46, 50),
(51, 46, 51),
(52, 49, 52),
(53, 49, 53),
(55, 45, 55),
(56, 45, 56),
(57, 41, 57),
(58, 41, 58),
(59, 23, 59),
(60, 23, 60),
(61, 22, 61),
(62, 21, 62),
(63, 21, 63),
(64, 20, 64),
(65, 20, 65),
(67, 18, 67),
(68, 19, 68),
(69, 17, 69),
(70, 17, 70),
(71, 16, 71),
(72, 16, 72),
(73, 16, 73),
(74, 15, 74),
(75, 15, 75),
(76, 14, 76),
(77, 14, 77),
(78, 14, 78),
(85, 8, 84),
(86, 8, 85),
(87, 9, 86),
(88, 9, 87),
(89, 10, 88),
(90, 10, 89),
(91, 10, 90),
(92, 11, 91),
(93, 11, 11),
(94, 11, 92),
(95, 11, 93),
(96, 11, 94),
(97, 12, 95),
(98, 12, 96),
(99, 12, 97),
(104, 5, 102),
(105, 5, 103),
(106, 5, 26),
(107, 6, 104),
(108, 6, 105),
(109, 7, 106),
(113, 1, 110),
(114, 1, 111),
(120, 4, 115),
(121, 35, 116),
(122, 35, 117),
(123, 35, 26),
(124, 33, 118),
(125, 33, 119),
(126, 33, 120),
(127, 33, 121),
(128, 33, 118),
(129, 40, 122),
(130, 40, 123),
(131, 40, 124),
(134, 3, 126),
(135, 3, 127),
(136, 3, 110),
(137, 2, 128),
(138, 2, 110),
(141, 50, 86),
(142, 50, 130),
(149, 55, 137),
(150, 55, 138),
(153, 56, 141),
(154, 56, 142),
(155, 57, 143),
(156, 59, 122),
(157, 58, 144),
(159, 62, 145),
(160, 62, 26),
(162, 65, 64),
(163, 66, 147),
(164, 67, 148),
(165, 68, 149),
(166, 68, 150),
(167, 68, 151),
(168, 69, 152);

-- --------------------------------------------------------

--
-- Структура таблицы `migrations`
--

DROP TABLE IF EXISTS `migrations`;
CREATE TABLE `migrations` (
  `id` int UNSIGNED NOT NULL,
  `migration` varchar(255) CHARACTER SET utf8mb4 COLLATE utf8mb4_unicode_ci NOT NULL,
  `batch` int NOT NULL
) ENGINE=InnoDB DEFAULT CHARSET=utf8mb4 COLLATE=utf8mb4_unicode_ci;

--
-- Дамп данных таблицы `migrations`
--

INSERT INTO `migrations` (`id`, `migration`, `batch`) VALUES
(1, '2014_10_12_000000_create_users_table', 1),
(2, '2014_10_12_100000_create_password_resets_table', 1),
(3, '2019_08_19_000000_create_failed_jobs_table', 1),
(4, '2019_12_14_000001_create_personal_access_tokens_table', 1),
(5, '2024_01_20_144802_create_administrators_table', 1);

-- --------------------------------------------------------

--
-- Структура таблицы `password_resets`
--

DROP TABLE IF EXISTS `password_resets`;
CREATE TABLE `password_resets` (
  `email` varchar(255) CHARACTER SET utf8mb4 COLLATE utf8mb4_unicode_ci NOT NULL,
  `token` varchar(255) CHARACTER SET utf8mb4 COLLATE utf8mb4_unicode_ci NOT NULL,
  `created_at` timestamp NULL DEFAULT NULL
) ENGINE=InnoDB DEFAULT CHARSET=utf8mb4 COLLATE=utf8mb4_unicode_ci;

-- --------------------------------------------------------

--
-- Структура таблицы `personal_access_tokens`
--

DROP TABLE IF EXISTS `personal_access_tokens`;
CREATE TABLE `personal_access_tokens` (
  `id` bigint UNSIGNED NOT NULL,
  `tokenable_type` varchar(255) CHARACTER SET utf8mb4 COLLATE utf8mb4_unicode_ci NOT NULL,
  `tokenable_id` bigint UNSIGNED NOT NULL,
  `name` varchar(255) CHARACTER SET utf8mb4 COLLATE utf8mb4_unicode_ci NOT NULL,
  `token` varchar(64) CHARACTER SET utf8mb4 COLLATE utf8mb4_unicode_ci NOT NULL,
  `abilities` text CHARACTER SET utf8mb4 COLLATE utf8mb4_unicode_ci,
  `last_used_at` timestamp NULL DEFAULT NULL,
  `expires_at` timestamp NULL DEFAULT NULL,
  `created_at` timestamp NULL DEFAULT NULL,
  `updated_at` timestamp NULL DEFAULT NULL
) ENGINE=InnoDB DEFAULT CHARSET=utf8mb4 COLLATE=utf8mb4_unicode_ci;

-- --------------------------------------------------------

--
-- Структура таблицы `settings`
--

DROP TABLE IF EXISTS `settings`;
CREATE TABLE `settings` (
  `id` int NOT NULL,
  `display_title` tinyint UNSIGNED NOT NULL DEFAULT '0',
  `display_date_created` tinyint UNSIGNED NOT NULL DEFAULT '0',
  `display_likes` tinyint UNSIGNED NOT NULL DEFAULT '0',
  `display_comments` tinyint UNSIGNED NOT NULL DEFAULT '0',
  `display_share` tinyint UNSIGNED NOT NULL DEFAULT '0',
  `display_tags` tinyint UNSIGNED NOT NULL
) ENGINE=InnoDB DEFAULT CHARSET=utf8mb4 COLLATE=utf8mb4_general_ci;

--
-- Дамп данных таблицы `settings`
--

INSERT INTO `settings` (`id`, `display_title`, `display_date_created`, `display_likes`, `display_comments`, `display_share`, `display_tags`) VALUES
(1, 0, 1, 1, 1, 1, 1);

-- --------------------------------------------------------

--
-- Структура таблицы `tag`
--

DROP TABLE IF EXISTS `tag`;
CREATE TABLE `tag` (
  `id` int NOT NULL,
  `parent_id` int UNSIGNED DEFAULT NULL,
  `name` varchar(255) CHARACTER SET utf8mb4 COLLATE utf8mb4_general_ci DEFAULT NULL,
  `active` tinyint UNSIGNED NOT NULL DEFAULT '0',
  `active_records_count` int UNSIGNED NOT NULL DEFAULT '0',
  `total_records_count` int UNSIGNED NOT NULL DEFAULT '0',
  `created` datetime NOT NULL DEFAULT CURRENT_TIMESTAMP,
  `updated` datetime NOT NULL DEFAULT CURRENT_TIMESTAMP ON UPDATE CURRENT_TIMESTAMP
) ENGINE=InnoDB DEFAULT CHARSET=utf8mb4 COLLATE=utf8mb4_general_ci;

--
-- Дамп данных таблицы `tag`
--

INSERT INTO `tag` (`id`, `parent_id`, `name`, `active`, `active_records_count`, `total_records_count`, `created`, `updated`) VALUES
(11, NULL, 'дівчина', 1, 2, 2, '2024-01-06 18:37:15', '2024-03-24 15:30:47'),
(21, NULL, 'рок', 1, 1, 1, '2024-02-11 15:50:35', '2024-03-24 14:40:51'),
(22, NULL, 'книги', 1, 1, 1, '2024-02-11 15:50:35', '2024-03-24 14:40:51'),
(23, NULL, 'сарказм', 1, 1, 1, '2024-02-11 15:50:35', '2024-03-24 14:40:51'),
(24, NULL, 'будильник', 1, 1, 1, '2024-02-11 15:50:35', '2024-03-24 14:40:51'),
(25, NULL, 'баба', 1, 1, 1, '2024-02-11 15:50:35', '2024-03-24 14:40:51'),
(26, NULL, 'жінка', 1, 3, 3, '2024-02-11 15:50:35', '2024-03-24 14:40:51'),
(30, NULL, 'боксер', 1, 1, 1, '2024-02-11 18:26:14', '2024-03-24 14:40:51'),
(31, NULL, 'вибач', 1, 1, 1, '2024-02-11 18:26:14', '2024-03-24 14:40:51'),
(32, NULL, 'образа', 1, 1, 1, '2024-02-11 18:26:14', '2024-03-24 14:40:52'),
(33, NULL, 'москалі', 1, 1, 1, '2024-02-11 18:31:12', '2024-03-24 14:40:52'),
(34, NULL, 'кохання', 1, 1, 1, '2024-02-11 18:31:12', '2024-03-24 14:40:52'),
(35, NULL, 'пам\'ять', 1, 1, 1, '2024-02-11 18:37:11', '2024-03-24 14:40:52'),
(36, NULL, 'недоліки', 1, 1, 1, '2024-02-11 18:37:11', '2024-03-24 14:40:52'),
(37, NULL, 'світ', 1, 1, 1, '2024-02-11 18:39:06', '2024-03-24 14:40:52'),
(38, NULL, 'краса', 1, 1, 1, '2024-02-11 18:39:06', '2024-03-24 14:40:52'),
(39, NULL, 'жертва', 1, 1, 1, '2024-02-11 18:39:06', '2024-03-24 14:40:52'),
(46, NULL, 'добро', 1, 1, 1, '2024-02-12 17:53:36', '2024-03-24 14:40:52'),
(47, NULL, 'користь', 1, 1, 1, '2024-02-12 17:53:36', '2024-03-24 14:40:52'),
(48, NULL, 'гра слів', 1, 1, 1, '2024-02-12 17:53:36', '2024-03-24 14:40:52'),
(49, NULL, 'розшук', 1, 1, 1, '2024-02-13 06:37:52', '2024-03-24 14:40:52'),
(50, NULL, 'скупий', 1, 1, 1, '2024-02-13 06:51:56', '2024-03-24 14:40:52'),
(51, NULL, 'робота', 1, 1, 1, '2024-02-13 06:51:56', '2024-03-24 14:40:52'),
(52, NULL, 'життя', 1, 1, 1, '2024-02-13 10:55:42', '2024-03-24 14:40:52'),
(53, NULL, 'зіпсувати', 1, 1, 1, '2024-02-13 10:55:42', '2024-03-24 14:40:52'),
(55, NULL, 'сором', 1, 1, 1, '2024-02-13 11:02:16', '2024-03-24 14:40:52'),
(56, NULL, 'совість', 1, 1, 1, '2024-02-13 11:02:16', '2024-03-24 14:40:52'),
(57, NULL, 'весілля', 1, 1, 1, '2024-02-13 11:02:47', '2024-03-24 14:40:52'),
(58, NULL, 'обіцянка', 1, 1, 1, '2024-02-13 11:02:47', '2024-03-24 14:40:52'),
(61, NULL, 'допобачення', 1, 1, 1, '2024-02-13 11:03:28', '2024-03-24 14:40:52'),
(62, NULL, 'темно', 1, 1, 1, '2024-02-13 11:03:36', '2024-03-24 14:40:52'),
(63, NULL, 'приємно', 1, 1, 1, '2024-02-13 11:03:36', '2024-03-24 14:40:52'),
(64, NULL, 'помилка', 1, 1, 1, '2024-02-13 11:03:49', '2024-03-24 14:40:52'),
(65, NULL, 'стетхем', 1, 1, 1, '2024-02-13 11:03:50', '2024-03-24 14:40:52'),
(67, NULL, 'чоловіки', 1, 1, 1, '2024-02-13 11:04:11', '2024-03-24 14:40:52'),
(68, NULL, 'самец', 1, 1, 1, '2024-02-13 11:04:13', '2024-03-24 14:40:52'),
(69, 102, 'пончик', 1, 1, 1, '2024-02-13 11:04:29', '2024-03-24 14:40:52'),
(70, NULL, 'дирочка', 1, 1, 1, '2024-02-13 11:04:29', '2024-03-24 14:40:52'),
(71, 78, 'вино', 1, 1, 1, '2024-02-13 11:04:44', '2024-03-24 14:40:52'),
(72, NULL, 'зима', 1, 1, 1, '2024-02-13 11:04:44', '2024-03-24 14:40:52'),
(73, NULL, 'обличчя', 1, 1, 1, '2024-02-13 11:04:44', '2024-03-24 14:40:52'),
(74, NULL, 'мужик', 1, 1, 1, '2024-02-13 11:05:30', '2024-03-24 14:40:52'),
(75, NULL, 'горе від розуму', 1, 1, 1, '2024-02-13 11:05:30', '2024-03-24 14:40:52'),
(76, NULL, 'дівчата', 1, 1, 1, '2024-02-13 11:06:00', '2024-03-24 14:40:52'),
(77, NULL, 'трахатись', 1, 1, 1, '2024-02-13 11:06:00', '2024-03-24 14:40:52'),
(78, NULL, 'алкоголь', 1, 2, 2, '2024-02-13 11:06:00', '2024-03-24 15:38:19'),
(84, 102, 'олівье', 1, 1, 1, '2024-02-13 11:07:20', '2024-03-24 14:40:52'),
(85, NULL, 'душа', 1, 1, 1, '2024-02-13 11:07:20', '2024-03-24 14:40:52'),
(86, NULL, 'губи', 1, 2, 2, '2024-02-13 11:07:22', '2024-03-24 14:40:52'),
(87, NULL, 'вагітність', 1, 1, 1, '2024-02-13 11:07:22', '2024-03-24 14:40:52'),
(88, 102, 'лимон', 1, 1, 1, '2024-02-13 11:07:23', '2024-03-24 14:40:52'),
(89, NULL, 'чай', 1, 1, 1, '2024-02-13 11:07:23', '2024-03-24 14:40:52'),
(90, NULL, 'банк', 1, 1, 1, '2024-02-13 11:07:23', '2024-03-24 14:40:52'),
(91, NULL, 'вудочка', 1, 1, 1, '2024-02-13 11:07:25', '2024-03-24 14:40:52'),
(92, NULL, 'дружина', 1, 1, 1, '2024-02-13 11:07:25', '2024-03-24 14:40:52'),
(93, NULL, 'подарунок', 1, 1, 1, '2024-02-13 11:07:25', '2024-03-24 14:40:52'),
(94, 102, 'риба', 1, 1, 1, '2024-02-13 11:07:25', '2024-03-24 14:40:52'),
(95, 102, 'біляш', 1, 1, 1, '2024-02-13 11:07:27', '2024-03-24 14:40:52'),
(96, NULL, 'настрій', 1, 1, 1, '2024-02-13 11:07:27', '2024-03-24 14:40:52'),
(97, NULL, 'шампанське', 1, 1, 1, '2024-02-13 11:07:27', '2024-03-24 14:40:52'),
(102, NULL, 'їжа', 1, 7, 7, '2024-02-13 11:08:36', '2024-04-04 12:29:34'),
(103, 102, 'огірки', 1, 1, 1, '2024-02-13 11:08:36', '2024-03-24 14:40:52'),
(104, NULL, 'хлопець', 1, 1, 1, '2024-02-13 11:08:37', '2024-03-24 14:40:52'),
(105, NULL, 'глибоко', 1, 1, 1, '2024-02-13 11:08:37', '2024-03-24 14:40:52'),
(106, NULL, 'підковдра', 1, 1, 1, '2024-02-13 11:08:44', '2024-03-24 14:40:52'),
(110, NULL, 'дала', 1, 3, 3, '2024-02-13 11:09:24', '2024-03-24 14:40:52'),
(111, NULL, 'дякую', 1, 1, 1, '2024-02-13 11:09:24', '2024-03-24 14:40:52'),
(115, NULL, 'хрезантеми', 1, 1, 1, '2024-02-13 11:09:29', '2024-03-24 14:40:52'),
(116, NULL, 'богомол', 1, 1, 1, '2024-02-13 11:10:27', '2024-03-24 14:40:52'),
(117, NULL, 'самка', 1, 1, 1, '2024-02-13 11:10:27', '2024-03-24 14:40:52'),
(118, NULL, 'кров', 1, 2, 2, '2024-02-13 11:11:53', '2024-03-24 14:40:52'),
(119, NULL, 'місячні', 1, 1, 1, '2024-02-13 11:11:53', '2024-03-24 14:40:52'),
(120, NULL, 'меч', 1, 1, 1, '2024-02-13 11:11:53', '2024-03-24 14:40:52'),
(121, NULL, 'самурай', 1, 1, 1, '2024-02-13 11:11:53', '2024-03-24 14:40:52'),
(122, NULL, 'гроші', 1, 1, 1, '2024-02-13 11:12:36', '2024-03-24 14:40:52'),
(123, NULL, 'рабінович', 1, 1, 1, '2024-02-13 11:12:36', '2024-03-24 14:40:52'),
(124, NULL, 'евреї', 1, 1, 1, '2024-02-13 11:12:36', '2024-03-24 14:40:52'),
(126, NULL, 'жаліти', 1, 1, 1, '2024-02-13 15:33:45', '2024-03-24 14:40:52'),
(127, NULL, 'радіти', 1, 1, 1, '2024-02-13 15:33:45', '2024-03-24 14:40:52'),
(128, NULL, 'пояснять', 1, 1, 1, '2024-02-13 15:33:49', '2024-03-24 14:40:52'),
(130, NULL, 'саморозвиток', 1, 1, 1, '2024-03-23 13:12:46', '2024-03-24 14:40:52'),
(137, NULL, 'роботa', 1, 0, 0, '2024-03-31 20:03:47', '2024-03-31 20:03:47'),
(138, NULL, 'пригоди', 1, 0, 0, '2024-03-31 20:03:47', '2024-03-31 20:03:47'),
(141, NULL, 'доброго ранку', 1, 0, 0, '2024-03-31 20:05:35', '2024-03-31 20:05:35'),
(142, NULL, 'колеги', 1, 0, 0, '2024-03-31 20:05:35', '2024-03-31 20:05:35'),
(143, NULL, 'спарта', 1, 0, 0, '2024-03-31 20:07:06', '2024-03-31 20:07:06'),
(144, NULL, 'правда', 1, 0, 0, '2024-04-02 14:59:41', '2024-04-02 14:59:41'),
(145, NULL, 'чоловік', 1, 0, 0, '2024-04-02 15:01:44', '2024-04-02 15:01:44'),
(147, NULL, 'їжа', 1, 0, 0, '2024-04-04 11:10:42', '2024-04-04 11:10:42'),
(148, NULL, 'план', 1, 0, 0, '2024-04-04 11:11:33', '2024-04-04 11:11:33'),
(149, NULL, 'штани', 1, 0, 0, '2024-04-04 11:12:44', '2024-04-04 11:12:44'),
(150, NULL, 'абрам', 1, 0, 0, '2024-04-04 11:12:44', '2024-04-04 11:12:44'),
(151, NULL, 'серце', 1, 0, 0, '2024-04-04 11:12:44', '2024-04-04 11:12:44'),
(152, NULL, 'біль', 1, 0, 0, '2024-04-04 11:13:13', '2024-04-04 11:13:13');

-- --------------------------------------------------------

--
-- Структура таблицы `type`
--

DROP TABLE IF EXISTS `type`;
CREATE TABLE `type` (
  `id` int NOT NULL,
  `name` varchar(255) CHARACTER SET utf8mb4 COLLATE utf8mb4_general_ci DEFAULT NULL,
  `sort` int UNSIGNED NOT NULL DEFAULT '0',
  `created` datetime NOT NULL DEFAULT CURRENT_TIMESTAMP,
  `updated` datetime NOT NULL DEFAULT CURRENT_TIMESTAMP ON UPDATE CURRENT_TIMESTAMP
) ENGINE=InnoDB DEFAULT CHARSET=utf8mb4 COLLATE=utf8mb4_general_ci;

--
-- Дамп данных таблицы `type`
--

INSERT INTO `type` (`id`, `name`, `sort`, `created`, `updated`) VALUES
(1, 'Короткі', 0, '2023-03-03 20:38:18', '2023-03-03 21:03:28'),
(2, 'Історії', 0, '2023-03-03 21:04:45', '2023-03-03 21:04:45'),
(3, 'Цитати', 0, '2023-03-03 21:05:20', '2023-03-03 21:05:20'),
(4, 'Анекдоти', 0, '2023-03-03 21:05:28', '2023-03-03 21:05:28');

-- --------------------------------------------------------

--
-- Структура таблицы `users`
--

DROP TABLE IF EXISTS `users`;
CREATE TABLE `users` (
  `id` bigint UNSIGNED NOT NULL,
  `name` varchar(255) CHARACTER SET utf8mb4 COLLATE utf8mb4_unicode_ci NOT NULL,
  `email` varchar(255) CHARACTER SET utf8mb4 COLLATE utf8mb4_unicode_ci NOT NULL,
  `email_verified_at` timestamp NULL DEFAULT NULL,
  `password` varchar(255) CHARACTER SET utf8mb4 COLLATE utf8mb4_unicode_ci NOT NULL,
  `remember_token` varchar(100) CHARACTER SET utf8mb4 COLLATE utf8mb4_unicode_ci DEFAULT NULL,
  `created_at` timestamp NULL DEFAULT NULL,
  `updated_at` timestamp NULL DEFAULT NULL
) ENGINE=InnoDB DEFAULT CHARSET=utf8mb4 COLLATE=utf8mb4_unicode_ci;

--
-- Индексы сохранённых таблиц
--

--
-- Индексы таблицы `admin_user`
--
ALTER TABLE `admin_user`
  ADD PRIMARY KEY (`id`),
  ADD UNIQUE KEY `admin_users_email_unique` (`email`);

--
-- Индексы таблицы `comment`
--
ALTER TABLE `comment`
  ADD PRIMARY KEY (`id`),
  ADD KEY `item_id` (`item_id`);

--
-- Индексы таблицы `failed_jobs`
--
ALTER TABLE `failed_jobs`
  ADD PRIMARY KEY (`id`),
  ADD UNIQUE KEY `failed_jobs_uuid_unique` (`uuid`);

--
-- Индексы таблицы `item`
--
ALTER TABLE `item`
  ADD PRIMARY KEY (`id`),
  ADD KEY `type` (`type`) USING BTREE,
  ADD KEY `status` (`status`),
  ADD KEY `created` (`created`);
ALTER TABLE `item` ADD FULLTEXT KEY `idx_content` (`content`);

--
-- Индексы таблицы `item_parse`
--
ALTER TABLE `item_parse`
  ADD PRIMARY KEY (`id`),
  ADD KEY `created` (`created`);
ALTER TABLE `item_parse` ADD FULLTEXT KEY `idx_content` (`content`);

--
-- Индексы таблицы `item_tag`
--
ALTER TABLE `item_tag`
  ADD PRIMARY KEY (`id`),
  ADD KEY `item_id` (`item_id`),
  ADD KEY `tag_id` (`tag_id`);

--
-- Индексы таблицы `migrations`
--
ALTER TABLE `migrations`
  ADD PRIMARY KEY (`id`);

--
-- Индексы таблицы `password_resets`
--
ALTER TABLE `password_resets`
  ADD PRIMARY KEY (`email`);

--
-- Индексы таблицы `personal_access_tokens`
--
ALTER TABLE `personal_access_tokens`
  ADD PRIMARY KEY (`id`),
  ADD UNIQUE KEY `personal_access_tokens_token_unique` (`token`),
  ADD KEY `personal_access_tokens_tokenable_type_tokenable_id_index` (`tokenable_type`,`tokenable_id`);

--
-- Индексы таблицы `settings`
--
ALTER TABLE `settings`
  ADD PRIMARY KEY (`id`);

--
-- Индексы таблицы `tag`
--
ALTER TABLE `tag`
  ADD PRIMARY KEY (`id`),
  ADD KEY `idx_active_records_count` (`active_records_count`);

--
-- Индексы таблицы `type`
--
ALTER TABLE `type`
  ADD PRIMARY KEY (`id`);

--
-- Индексы таблицы `users`
--
ALTER TABLE `users`
  ADD PRIMARY KEY (`id`),
  ADD UNIQUE KEY `users_email_unique` (`email`);

--
-- AUTO_INCREMENT для сохранённых таблиц
--

--
-- AUTO_INCREMENT для таблицы `admin_user`
--
ALTER TABLE `admin_user`
  MODIFY `id` bigint UNSIGNED NOT NULL AUTO_INCREMENT, AUTO_INCREMENT=5;

--
-- AUTO_INCREMENT для таблицы `comment`
--
ALTER TABLE `comment`
  MODIFY `id` int NOT NULL AUTO_INCREMENT, AUTO_INCREMENT=15;

--
-- AUTO_INCREMENT для таблицы `failed_jobs`
--
ALTER TABLE `failed_jobs`
  MODIFY `id` bigint UNSIGNED NOT NULL AUTO_INCREMENT;

--
-- AUTO_INCREMENT для таблицы `item`
--
ALTER TABLE `item`
  MODIFY `id` int NOT NULL AUTO_INCREMENT, AUTO_INCREMENT=70;

--
-- AUTO_INCREMENT для таблицы `item_parse`
--
ALTER TABLE `item_parse`
  MODIFY `id` int NOT NULL AUTO_INCREMENT, AUTO_INCREMENT=164;

--
-- AUTO_INCREMENT для таблицы `item_tag`
--
ALTER TABLE `item_tag`
  MODIFY `id` int NOT NULL AUTO_INCREMENT, AUTO_INCREMENT=169;

--
-- AUTO_INCREMENT для таблицы `migrations`
--
ALTER TABLE `migrations`
  MODIFY `id` int UNSIGNED NOT NULL AUTO_INCREMENT, AUTO_INCREMENT=6;

--
-- AUTO_INCREMENT для таблицы `personal_access_tokens`
--
ALTER TABLE `personal_access_tokens`
  MODIFY `id` bigint UNSIGNED NOT NULL AUTO_INCREMENT;

--
-- AUTO_INCREMENT для таблицы `settings`
--
ALTER TABLE `settings`
  MODIFY `id` int NOT NULL AUTO_INCREMENT, AUTO_INCREMENT=2;

--
-- AUTO_INCREMENT для таблицы `tag`
--
ALTER TABLE `tag`
  MODIFY `id` int NOT NULL AUTO_INCREMENT, AUTO_INCREMENT=153;

--
-- AUTO_INCREMENT для таблицы `type`
--
ALTER TABLE `type`
  MODIFY `id` int NOT NULL AUTO_INCREMENT, AUTO_INCREMENT=5;

--
-- AUTO_INCREMENT для таблицы `users`
--
ALTER TABLE `users`
  MODIFY `id` bigint UNSIGNED NOT NULL AUTO_INCREMENT;
COMMIT;

/*!40101 SET CHARACTER_SET_CLIENT=@OLD_CHARACTER_SET_CLIENT */;
/*!40101 SET CHARACTER_SET_RESULTS=@OLD_CHARACTER_SET_RESULTS */;
/*!40101 SET COLLATION_CONNECTION=@OLD_COLLATION_CONNECTION */;
